Workbook

Sheet Review
A1: # | B1: Requirement ID | C1: Topic | D1: Requirement text | E1: SIQ | F1: Impact and proposal | G1: Testability Finding | H1: Technical Finding | I1: Structure Finding | J1: Traceability Finding | K1: How to test (pseudo-code) | L1: Decision | M1: Decision note | N1: Owner
A2: 1 | B2: MVC-119709 | C2: Verify frame tag | D2: The system shall verify the integrity and authenticity of each video frame by comparing the calculated AES-CMAC tag with the 128-bit CMAC tag received in the frame footer. | E2: Frames 1-17 carry no CMAC tag (Volvo spec). How must SOW2 treat them: drop, accept as untrusted, or show? | F2: Text says 'each frame', but only frames 18+ carry a tag and only the selected rows are covered. Reword to 'each tagged frame, over the selected rows'. | G2: The comparison is internal; only accept or reject is visible, same as 119710. Use a log event or drop counter as pass criterion. | H2: Unselected rows and statistics are not authenticated, so 'integrity of each frame' is overstated. No latency limit for holding a frame until it is verified. | I2: 119709 (compare) and 119710 (reject) are one function. Merge, or split into compare and reaction. | J2: Linked to MVC-106582. SRS 108112 and 108117 likely realise it, but no link exists. Add it. | K2: SIM sends good tag -> accepted SIM flips 1 tag bit -> rejected, log | L2: OPEN
A3: 2 | B3: MVC-107641 | C3: RSASSA-PSS with SHA-256 | D3: The system shall use RSASSA-PSS with SHA-256 to verify the Imager's digital signature. | E3: PSS needs a salt length and MGF, and the SRS lets KID pick the scheme. Is PSS with SHA-256 the only scheme? | F3: If it is the only scheme, drop the KID selection in the SRS. Otherwise list the accepted KID values. | G3: Partly a code inspection. Wrong-scheme signatures (PKCS#1 v1.5, SHA-1) can be tested; salt cases cannot until the salt is defined. | H3: SWE: salt length, MGF and public exponent are not stated. | I3: It describes how 107642 verifies, not a separate behaviour. Merge into 107642. | J3: Technical requirement MVC-106563 has no link back to it. Add the link. SRS 108120, 108135. | K3: Code review: PSS + SHA-256 PyRef: v1.5 or SHA-1 signature -> rejected | L3: OPEN
A4: 3 | B4: MVC-103042 | C4: CSPRNG and TRNG | D4: The system shall use a CSPRNG compliant with NIST SP 800-90A and seeded by a hardware TRNG to generate the 256-bit session key. | E4: Which DRBG and which SoC TRNG interface is used? Is there SP 800-90A evidence from Ambarella? | F4: SP 800-90A conformity is a design property, not a test result. Change the method to Review and keep a test for the failure behaviour. | G4: Black-box tests show only that keys differ. A failure can be injected by forcing a TRNG error with Lauterbach. | H4: SP 800-90A covers the DRBG, not the entropy source (SP 800-90B). SWE: no reseed rule. | I4: Uses the same TRNG as the debug challenge (MVC-103050). Align both. | J4: Linked to MVC-106560. SRS 108106, 108109. | K4: Review DRBG + TRNG evidence Lauterbach: force TRNG error -> no key sent | L4: OPEN
A5: 4 | B5: MVC-103034 | C5: Transmit encrypted SSK | D5: The system shall transmit the 2048bit Encrypted Session Key and row information to the Imager for secure session establishment. | E5: How does SOW2 know the imager accepted the key block? What is 'the expected response'? | F5: No requirement says when a session counts as established, and 119708, 103046, 103044 depend on it. Add one. | G5: Capture the write with Saleae. The message layout comes from the Samsung note (missing). | H5: SWE: the 256-byte block may need several I2C writes (I2C CRC is on). Partial-write handling is not defined. | I5: - | J5: Linked to MVC-106578. SRS 108146, 108145. | K5: Saleae: key write only after auth OK SIM no ack -> no session | L5: OPEN
A6: 5 | B6: MVC-103051 | C6: Terminate authentication | D6: The system shall terminate the Imager authentication process if authentication is not successfully completed within the configured maximum number of retry attempts | E6: After termination: no video, retry later, or safe state? When is the next attempt allowed? | F6: An authentication failure can switch off the camera image. Define the system reaction together with FuSa. | G6: The end state is observable: authentication state, no key write, no trusted video. 'No retry forever' needs a defined wait time. | H6: Concept says 'configured maximum', technical says a fixed three. Decide fixed or configurable. | I6: Retry and terminate rules are split over 103053 and 103051 with different wording. Align them. | J6: Linked to MVC-106569. SRS 108124 is similar but not identical. | K6: SIM never answers -> Saleae: no more requests Lauterbach: state UNAUTHENTICATED | L6: OPEN
A7: 6 | B7: MVC-103044 | C7: Terminate session establishment | D7: The system shall terminate secure session establishment if a secure session is not successfully established after three retry attempts. | E7: After termination: no video, new authentication, or safe state? | F7: Define the next step, and whether the three retries restart after a new authentication. | G7: The end state is observable: no active session, no more key writes, key unused. | H7: SWE: the SSK of the failed attempt must be erased (SRS 108149). Check the buffer. | I7: - | J7: Linked to MVC-106581. SRS 108149, 108158. | K7: SIM never acks -> no more key writes Lauterbach: key buffer zero | L7: OPEN
A8: 7 | B8: MVC-103063 | C8: Root key in OTP | D8: The system shall store the trusted 2048bit Samsung Root Public Key in OTP memory. | E8: Which OTP zone holds the key, and who programs it and when? | F8: 'No modification' is only in the verification text. Add it to the requirement (SRS 108142 has it) and name the zone. | G8: OTP is write-once, so the overwrite test destroys a sample. Test samples need a test root key. | H8: Concept says OTP, SRS 108143 says 'protected non-volatile storage'. Align them. | I8: The technical requirement copies the concept text and adds nothing. Add key format and zone. | J8: Linked to MVC-106562. SRS 108143, 108142, 108144. The secure-boot key (SRS 23.4) is a separate root. | K8: Lauterbach: read OTP, compare hash Try write -> rejected | L8: OPEN
A9: 8 | B9: MVC-103053 | C9: Retry authentication | D9: The system shall retry the Imager authentication process up to three times if the expected authentication data is failed to be received. | E9: 'Up to three retries' means 4 requests, '3 attempts' (106569) means 3. Which one? What is the timeout? | F9: Counting requests on I2C needs one number. Define N attempts in total and a timeout T. | G9: Count requests with Saleae while the SIM withholds the answer. Timing is untestable until T exists. | H9: 'Not received' and invalid data are not separated. Is a bad signature retried or rejected at once? | I9: Retry (103053) and terminate (103051) are split. Align the wording. | J9: Linked to MVC-106566. SRS 108124, 108126. | K9: SIM silent -> Saleae counts requests SIM answers on 2nd -> continues | L9: OPEN
A10: 9 | B10: MVC-103046 | C10: Retry session establishment | D10: The system shall retry secure session establishment up to three times if the expected response is failed to be received. | E10: What is the 'expected response' and the timeout per try? Is the same block or a new key resent? | F10: Define the response, the timeout and what is resent on a retry. | G10: Count key writes with Saleae while the SIM withholds the response. Blocked until the response is defined. | H10: - | I10: - | J10: Linked to MVC-106567. SRS 108149. | K10: SIM ignores key block -> Saleae counts writes SIM answers on 2nd -> session up | L10: OPEN
A11: 10 | B11: MVC-103036 | C11: New session after triggers | D11: The system shall require establishment of a new secure session, including full SOW1 authentication and generation of a new session key (SSK), after session expiry, system reset, system restart, session termination, or detection of a security failure. | E11: What is the session lifetime? Which events are a 'security failure'? What is the difference between reset and restart? | F11: Two of the five triggers cannot be tested, and it conflicts with 'reject one frame and continue'. Define the lifetime and a failure threshold. | G11: Each trigger can be tested alone. The SIM then replays the old key to prove it is refused. | H11: Video interruption during renegotiation is not limited. | I11: Five triggers in one requirement. Keep it, but give each trigger its own test. | J11: Linked to MVC-106573. SRS 108156, 108158, 108151. | K11: Per trigger: new auth + new key (Saleae) Old-key frames -> rejected | L11: OPEN
A12: 11 | B12: MVC-113703 | C12: Freshness window | D12: The system shall reject duplicated, stale, or out-of-order SOW1 video frames based on a 3-frame freshness window and shall accept a frame only when its frame counter satisfies LastAcceptedCounter < ReceivedCounter ≤ LastAcceptedCounter + 3. | E12: What are the counter width, the wrap behaviour and the first-frame value after a new session? | F12: If more than 3 frames are lost, every later valid frame is rejected and the video stops until a new session. Add a recovery rule. | G12: The boundaries (equal, lower, +1 to +4) are easy to test. Wrap and first frame are untestable until defined. | H12: SWE: update LastAcceptedCounter only after the CMAC passes, or a forged frame can push the window forward. | I12: - | J12: Linked to MVC-113727. SRS 108099, 108104, 108102. The recovery rule is in no requirement. | K12: SIM: n+1, n+3 accepted; duplicate, n+4 rejected Forged counter -> rejected | L12: OPEN
A13: 12 | B13: MVC-119710 | C13: Reject frame on failure | D13: The system shall reject any received SOW1 video frame if AES-CMAC verification fails. | E13: What does 'reject' do: drop the frame, repeat the previous one, or flag it? | F13: On a display camera the reaction matters. Define it: drop, count, log, continue (SRS 108105). | G13: Same observable as 119709. Define one pass criterion: log event or drop counter. | H13: SWE: no limit for repeated bad frames, so random corruption and a forgery get the same reaction. | I13: Overlaps 119709 and SRS 108116. Merge, or split clearly. | J13: Linked to MVC-106564. SRS 108116, 108108, 108105. | K13: SIM sends 1 bad frame Wireshark: frame missing; log entry | L13: OPEN
... A26: 25 | B26: MVC-103040 | C26: Extract device public key | D26: Following successful authentication, The system shall extract 2048-bit device public key from the Imager's authentication data. | E26: What is the key format: modulus only? Is the exponent fixed? | F26: Add sanity checks (2048 bit, odd modulus, exponent) before the key is used. | G26: Internal. Check it indirectly: the SIM decrypts the key block with its private key. | H26: The key is covered by the signature only if Device_n is the modulus. | I26: - | J26: Linked to MVC-106577. SRS 108153. | K26: SIM decrypts key block -> ok Wrong-size key -> rejected | L26: OPEN
A27: SOW 1 - SOW 2 interface TECHNICAL requirements (TCR)
A28: T1 | B28: MVC-106582 | C28: Verify frame tag | D28: The system shall verify the integrity and authenticity of each video frame by comparing the calculated AES-CMAC tag with the 128-bit CMAC tag received in the frame footer. | E28: Same open question as concept 119709: how are frames 1-17 (no tag) handled? | F28: Text copies concept 119709. Add the how: AES-CMAC, 256-bit key, 128-bit tag over the rows set by 106576, 108741, 106574, 106583. | G28: Criteria are good: valid tag, flipped footer tag, modified data, partial 128-bit match. Needs the SIM to know the session key. | H28: 'No partial match' is only in the criteria. Add 'all 128 bits' to the text. | I28: Identical text to concept MVC-119709. Merge with 106564 (reject). | J28: Satisfies MVC-119709. Test CS-SOW1-021. | K28: SIM: valid tag -> accepted Flip tag bit or change data -> rejected Tag with only 64 bits right -> rejected | L28: OPEN
A29: T2 | B29: MVC-106575 | C29: Freshness, ordering, sequence | D29: The system shall verify the freshness, ordering, and sequence validity of each received SOW1 video frame using the frame counter embedded in the frame header. | E29: What is the 'specified counter-validation policy'? It is defined only in 113727. | F29: Overlaps 113727 (window rule). Reference 113727 here, or merge. | G29: Criteria cover duplicate, stale, out-of-order and boundary frames: same tests as 113727. | H29: A malformed or missing counter must never count as fresh (criterion 5). Add it to the text. | I29: Satisfies 103031 (extraction) but describes the validity check. Move it under 113703. | J29: Satisfies MVC-103031. Test CS-SOW1-023. Overlaps MVC-113727. | K29: SIM: increasing counters -> accepted Duplicate, stale, out of order -> rejected Missing counter -> rejected | L29: OPEN
A30: T3 | B30: MVC-106563 | C30: RSASSA-PSS with SHA-256 | D30: The system shall use RSASSA-PSS whith SHA-256 to verify the Imager's digital signature (Sig_device). | E30: PSS salt length and MGF? Is PSS with SHA-256 the only scheme (the SRS lets KID select)? | F30: Define salt and MGF. Fix the typo 'whith' and the criteria numbering (step 3 is missing). | G30: Step 1 is an inspection. Wrong scheme or parameters must fail; salt cases are untestable until defined. | H30: SWE: salt length, MGF and public exponent are not stated. | I30: Verification detail of 106565. Merge or reference it. | J30: Satisfies MVC-107642 only. MVC-107641 is not linked: add it. Test CS-SOW1-004. | K30: Code review: PSS + SHA-256 PyRef: PKCS#1 v1.5 or SHA-1 signature -> rejected Modify signed data -> rejected | L30: OPEN
A31: T4 | B31: MVC-106560 | C31: CSPRNG and TRNG | D31: The system shall use a CSPRNG compliant with NIST SP 800-90A and seeded by a hardware TRNG to generate the 256-bit session key. | E31: Which DRBG and TRNG interface? Evidence for SP 800-90A? | F31: Same text as concept 103042. 'No insecure fallback' is only in the criteria: add it to the text. | G31: Steps 1-2 are a review. Steps 3-5 (inject a TRNG failure, no fallback) can be tested with Lauterbach. | H31: SWE: no reseed rule, and 'approved seeding mechanism' is not defined. | I31: Identical to concept 103042. Set the method to Review for the compliance part. | J31: Satisfies MVC-103042. Test CS-SOW1-011. | K31: Review DRBG + TRNG evidence Lauterbach: force TRNG error -> no key, no I2C key write | L31: OPEN
A32: T5 | B32: MVC-106578 | C32: Transmit encrypted SSK | D32: The system shall transmit the encrypted session key and selected row information (Row_info) to SOW1 over the I2C interface. | E32: What are the message layout, length and field encoding? (Samsung note missing) | F32: The layout is called 'specified' but is not given. Add it. | G32: Saleae on the I2C bus; compare the block with the SIM's decryption. No transmission if authentication or encryption fails (criterion 6). | H32: SWE: the block may need several I2C writes; partial-write handling is undefined. | I32: Row_info appears here and in 106580. Keep 'what is sent' here, 'how it is encrypted' there. | J32: Satisfies MVC-103034. Test CS-SOW1-014. | K32: Saleae: key write only after auth OK, right length SIM decrypts block -> SSK + Row_info Force encryption failure -> no write | L32: OPEN
A33: T6 | B33: MVC-106569 | C33: Terminate authentication | D33: The system shall terminate the SOW1 authentication process if authentication is not successfully completed after three authentication attempts. | E33: Three attempts here, 'configured maximum' in the concept. Which is right? | F33: Fix one rule. 106566 says retransmit 3 times (4 requests), this says 3 attempts. | G33: End state is checkable: unauthenticated, no session, no endless retransmission. | H33: No time limit between attempts, so 'indefinitely' cannot be bounded. | I33: Align the wording with 106566 (attempt vs retransmit). | J33: Satisfies MVC-103051. Test CS-SOW1-006. | K33: SIM never answers -> Saleae: requests stop at the limit Lauterbach: state UNAUTHENTICATED | L33: OPEN
A34: T7 | B34: MVC-106581 | C34: Terminate session establishment | D34: The system shall terminate secure session establishment if a secure session is not successfully established after three retry attempts. | E34: What are the 'recovery conditions' in step 5? | F34: Define when a new establishment may start after termination. | G34: End state is observable: not active, no more retries, key unused. | H34: SWE: erase the SSK of the failed attempt (SRS 108149). | I34: Same text as concept 103044. | J34: Satisfies MVC-103044. Test CS-SOW1-017. | K34: SIM never acks the key block -> no key writes after 3 retries Lauterbach: state INACTIVE, key buffer zero | L34: OPEN
A35: T8 | B35: MVC-106562 | C35: Root key in OTP | D35: The system shall store the trusted 2048bit Samsung Root Public Key in OTP memory. | E35: Which OTP/eFuse location? Why does step 4 mention the Secure Boot function? | F35: Criteria say the Secure Boot function reads this key, but the Samsung root and the secure-boot root are different. Fix the criteria. | G35: OTP is write-once: the immutability test destroys a sample. A test root key is needed. | H35: 'Immutable after provisioning' is only in the criteria. Add it to the text (SRS 108142). | I35: Same text as concept 103063. | J35: Satisfies MVC-103063. SRS 108143. Test CS-SOW1-001. | K35: Lauterbach: read OTP location, hash = fingerprint Try write -> rejected | L35: OPEN
A36: T9 | B36: MVC-106567 | C36: Retry session establishment | D36: The system shall retry secure session establishment up to three times if the expected response is failed to be received. | E36: What are the 'expected response' and the 'configured limit'? | F36: Define the response, the limit and the timeout. | G36: Count key writes with Saleae while the SIM withholds the response. | H36: - | I36: Same text as concept 103046. | J36: Satisfies MVC-103046. Test CS-SOW1-016. | K36: SIM ignores the key block -> Saleae counts writes SIM answers on the 2nd -> session established | L36: OPEN
A37: T10 | B37: MVC-106566 | C37: Retransmit authentication request | D37: The system shall retransmit the SOW1 authentication request up to three times if the expected authentication data is failed to be received. | E37: 'Retransmit three times' means 4 requests. Is that intended? | F37: Contradicts 'three attempts' in 106569. One number is needed. | G37: Step 5 tests the last permitted attempt: a good boundary. Needs the SIM to answer late. | H37: Retry timing is missing. | I37: Retry here, terminate in 106569: align the wording. | J37: Satisfies MVC-103053. Test CS-SOW1-005. | K37: SIM silent -> Saleae counts requests SIM answers on the last allowed attempt -> continues | L37: OPEN
A38: T11 | B38: MVC-106573 | C38: New session after triggers | D38: The system shall require establishment of a new secure session, including full SOW1 authentication and generation of a new session key (SSK), after session expiry, system reset, system restart, session termination, or detection of a security failure. | E38: Session lifetime? What is a 'security failure'? Reset vs restart? | F38: Same gaps as concept 103036: two triggers are untestable. | G38: Criteria test each trigger alone, including old SSK refused and no resume before the new session. | H38: Video interruption during renegotiation is not limited. | I38: Identical to concept 103036; five triggers in one requirement. | J38: Satisfies MVC-103036. Test CS-SOW1-018. | K38: Per trigger: new auth + new key Old-key frames -> rejected No protected traffic before the new session | L38: OPEN
A39: T12 | B39: MVC-106561 | C39: Request authentication data | D39: The system shall request the SOW1 device authentication data, including Device_n, KID, and Sig_device, from SOW1 over the I2C interface after reset or before starting the secure session. | E39: What is the 'defined authentication error and retry behavior' (step 5)? | F39: It is defined only in the retry requirements. Reference them. | G39: Saleae on reset: request sent to the configured device with the three fields. | H39: 'Before starting the secure session' needs a precise definition. | I39: Request here, verification in 106565: fine. | J39: Satisfies MVC-107642. Test CS-SOW1-002. | K39: Reset -> Saleae: auth read request to the imager SIM incomplete answer -> handled as missing data | L39: OPEN
... A57: T30 | B57: MVC-106577 | C57: Extract device public key | D57: Following successful authentication, The system shall extract 2048-bit device public key from the Imager's authentication data. | E57: Key format: modulus only? Exponent? | F57: Add sanity checks before use. Criterion 5 already says invalid keys must not be used. | G57: SIM decrypts the key block: success proves the right key was used. | H57: Covered by the signature only if Device_n is the modulus. | I57: Identical to concept 103040. | J57: Satisfies MVC-103040. Test CS-SOW1-012. | K57: SIM decrypts key block with its private key -> ok Wrong-size or zero key -> rejected | L57: OPEN

Sheet Review (detailed)
A1: # | B1: Requirement ID | C1: Topic | D1: Outline | E1: CAL | F1: Method | G1: Requirement text | H1: Technical requirement(s) and tests | I1: SIQ (questions to raise) | J1: Impact and proposal | K1: Testability Finding | L1: Technical Finding | M1: Structure Finding | N1: Traceability Finding | O1: How to test (pseudo-code) | P1: Decision | Q1: Decision note | R1: Owner | S1: Date
A2: 1 | B2: MVC-119709 | C2: Verify frame tag | D2: 2.2.1.1.4-4 | E2: CAL 2 | F2: Test | G2: The system shall verify the integrity and authenticity of each video frame by comparing the calculated AES-CMAC tag with the 128-bit CMAC tag received in the frame footer. | H2: MVC-106582. Test: CS-SOW1-021. | I2: • SIQ-1 (concept owner, Bosch, Volvo): the Volvo spec says the CMAC is available only from the 18th frame ("the first 17 frames are without the AES-CMAC Tag"). How must SOW2 treat frames 1 to 17: accept as untrusted, drop, or show? Do the 17 frames count from stream start or from the moment the key reaches the imager? • SIQ-2 (Samsung, Bosch): the tag covers only the rows chosen by Start H, Interval H, Total H. Which rows does our concept choose, and is a sparse selection accepted as residual risk? | J2: • Impact: the text says every frame is verified. The imager cannot do that. A tester has no pass criterion for frames 1 to 17, and a reader may think the whole frame is protected. • Proposal: reword to "…each SOW1 video frame that carries an AES-CMAC tag, by comparing the 128-bit tag calculated over the selected rows with the tag received in the frame footer". Add a separate requirement for the frames without a tag. Add that this applies from C1-sample on (the B1/B2-sample settings table in the Volvo spec lists AES-CMAC as "None"). | K2: • The comparison is internal. Only the outcome is visible (accepted, rejected, log entry), which is the same observable as 119710. Proposal: use the security log entry that SRS MVC-108108 already requires as the pass criterion for both. • "Invalid tag" is not defined. Use: one flipped bit in the tag, truncated tag, tag from another session key, all-zero tag, correct tag on modified data. • A test needs the session key to build a valid frame, but 113706 forbids exposing it. With a real imager the tester cannot know the key. A SIM that holds the device private key can decrypt the key that SOW2 sends, so it is the base setup. | L2: • The wording overstates the protection: unselected rows, statistics and other data are not authenticated, and MVC-103033 itself says "selected rows". Record which attacks the sparse selection stops and which not. • Frames 1 to 17 (SIQ-1). • No latency limit for holding a frame until it is verified. The frame-timing analysis (Analysis/SG2_Frame_Timing_Requirements_Analysis.docx) was not checked for one. | M2: • 119709 and 119710 describe one function in two halves, and the SRS has the same pair (MVC-108117, MVC-108116). Merge them, or make the split clear: 119709 defines the comparison, 119710 defines the reaction. • The technical requirement MVC-106582 has exactly the same text. It should say the algorithm (AES-CMAC, 256-bit key, 128-bit tag), the input (rows set by MVC-106576, 108741, 106574, 106583) and that all 128 bits must match. | N2: • Downstream link to MVC-106582 is fine, in both directions. • Upstream: it links to MVC-106231, the same item that the debug and hardware-protection requirements link to, so it is not specific. MVC-106231 is not in the exports. • SRS candidates: 23.2.5.2 (MVC-108122, 108112, 108117), no link in my files. The 17-frame rule is in no requirement. | O2: SIM: build frame N with SSK_sim (decrypted from the key block SOW2 sent), selected rows, valid tag TE-1190: inject frame -> expect: frame passed on (Wireshark: RTP packet appears; log: no CMAC failure) repeat with: tag bit flipped / tag truncated / tag from another key / tag = 0 / data row modified, tag unchanged -> expect: each rejected, log entry "CMAC failed" (UART log) partial match: tag with only first 64 bits right -> expect: rejected Decision: OPEN --- | P2: OPEN
A3: 2 | B3: MVC-107641 | C3: RSASSA-PSS with SHA-256 | D3: 2.2.1.1.2-2 | E3: CAL 2 | F3: Test | G3: The system shall use RSASSA-PSS with SHA-256 to verify the Imager's digital signature. | H3: MVC-106563 (no link back in Polarion). Test: CS-SOW1-004. | I3: PSS parameters: salt length, mask generation function (MGF1 with SHA-256?). And the SRS lets KID choose scheme and hash (MVC-108135, 108120). Is PSS with SHA-256 the only supported one? | J3: if only one scheme exists, tell the SRS to drop the selection by KID. If KID selects among several, this requirement must say which values of KID are accepted. | K3: partly an inspection (the technical verification criteria say "implementation inspection"). The black-box part: signatures made with PKCS#1 v1.5, other hashes or other salt lengths must fail. The salt-length case cannot be written until the salt is defined. | L3: salt length, MGF and exponent are not stated. | M3: it is a property of the verification in 107642, not a stand-alone behaviour. Proposal: merge into 107642 or keep as a technical detail. | N3: the technical requirement MVC-106563 does not link to it (only to 107642). Add the link. SRS MVC-108120, 108135, 108136. | O3: Code review: verify call = RSASSA-PSS + SHA-256 (CS-SOW1-004 step 1) PyRef: sign (Device_n||KID) with test root key: PSS+SHA-256 -> SIM serves -> expect: accepted PKCS#1 v1.5 -> expect: rejected PSS+SHA-1 or SHA-384 -> expect: rejected PSS+SHA-256, other salt length -> expect: as defined (once the salt is fixed) Decision: OPEN --- | P3: OPEN
A4: 3 | B4: MVC-103042 | C4: CSPRNG and TRNG | D4: 2.2.1.1.3-3 | E4: CAL 2 | F4: Test | G4: The system shall use a CSPRNG compliant with NIST SP 800-90A and seeded by a hardware TRNG to generate the 256-bit session key. | H4: MVC-106560. Test: CS-SOW1-011. | I4: which DRBG and which TRNG interface is used, and is there evidence for SP 800-90A conformity and for the quality of the TRNG? | J4: "compliant with SP 800-90A" is a design property, not testable from outside. Proposal: change the method to Review (design and code evidence), and keep a test only for the failure behaviour. | K4: black-box tests can only show uniqueness. Failure injection (TRNG returns an error) can be done by forcing the return value with Lauterbach. | L4: SP 800-90A defines the DRBG, not the entropy source (SP 800-90B). Reseeding is not mentioned. Proposal: add a reseed rule. | M4: overlaps the debug requirement MVC-103050 (also TRNG). Both depend on the same driver. | N4: MVC-106560. SRS MVC-108106, 108109. Also SRS 23.1.1.2 (DTLS) uses the same source. | O4: Review: CSPRNG library = SP 800-90A DRBG? seed source = SoC TRNG API? -> collect evidence Lauterbach: breakpoint on TRNG read, force error -> expect: session aborted, no key block on I2C (Saleae) collect 1000 SSKs via SIM -> expect: no repeat Decision: OPEN --- | P4: OPEN
A5: 4 | B5: MVC-103034 | C5: Transmit encrypted SSK | D5: 2.2.1.1.3-5 | E5: CAL 2 | F5: Test | G5: The system shall transmit the 2048bit Encrypted Session Key and row information to the Imager for secure session establishment. | H5: MVC-106578. Test: CS-SOW1-014. | I5: how does SOW2 learn that the imager accepted the key block? What is "the expected response" used in 103046? | J5: no requirement says when a session counts as established. Without it 119708, 103046 and 103044 cannot be tested. Proposal: add one requirement, for example "the session is established when the imager acknowledges the key block and the first valid tagged frame is received". | K5: capturing the write on the SoC to deserializer I2C bus is possible. The message layout comes from the Samsung note. | L5: the Volvo spec configures "I2C CRC ON" for the C1-sample, so the transfer is protected by CRC at transport level. The key block of about 256 bytes may need several I2C writes: partial writes need a defined reaction. | M5: the concept says "transmit ... to the Imager", the technical requirement adds "over the I2C interface". Fine. | N5: MVC-106578. SRS MVC-108146, 108145. | O5: Saleae: after authentication OK, capture the writes to the imager key register(s) -> expect: encrypted block, correct length check order: auth read -> verify -> key write (no key write before auth OK) SIM acknowledges -> Lauterbach: state = SESSION_ACTIVE SIM stays silent -> state != SESSION_ACTIVE Decision: OPEN --- | P5: OPEN
A6: 5 | B6: MVC-103051 | C6: Terminate authentication | D6: 2.2.1.1.2-4 | E6: CAL 2 | F6: Test | G6: The system shall terminate the Imager authentication process if authentication is not successfully completed within the configured maximum number of retry attempts | H6: MVC-106569. Test: CS-SOW1-006. | I6: after termination, what does the ECU do: stay without video, try again later, or enter a safe state? And when is another attempt allowed (only after reset?). | J6: this is a cybersecurity failure that can switch off a camera image. Define the system reaction together with the FuSa team. Proposal: add the reaction and the rule for a later new attempt. | K6: the end state (UNAUTHENTICATED, no key sent, no trusted video) is observable with Lauterbach, Saleae and Wireshark. "Does not retry indefinitely" needs a long observation time (define it). | L6: the concept says "configured maximum", the technical requirement says a fixed "three". Fixed or configurable, and where is it configured? | M6: see 103053. | N6: MVC-106569. SRS MVC-108124 (terminate if data incomplete) is similar but not the same. | O6: SIM never gives valid data; reset Saleae: wait 60 s after the last retry -> expect: no further auth requests, no key write Lauterbach: read auth state -> expect: UNAUTHENTICATED SIM then sends frames with a valid tag -> expect: still rejected (see 119708) Power cycle -> expect: a new authentication attempt starts Decision: OPEN --- | P6: OPEN
A7: 6 | B7: MVC-103044 | C7: Terminate session establishment | D7: 2.2.1.1.3-8 | E7: CAL 2 | F7: Test | G7: The system shall terminate secure session establishment if a secure session is not successfully established after three retry attempts. | H7: MVC-106581. Test: CS-SOW1-017. | I7: the reaction after termination (no video, new full authentication later, safe state). Same question as entry 12. | J7: define what happens next and whether the three retries are repeated after a full new authentication. | K7: the end state is observable: no active session, no more writes, the key not used. | L7: the SRS says partially established session data must be invalidated (MVC-108149). Check that the SSK from the failed attempt is erased, with Lauterbach reading the key buffer. | M7: NONE. | N7: MVC-106581. SRS MVC-108149, 108158. | O7: SIM: never acknowledges the key block Saleae: after the last retry, wait 60 s -> expect: no more key writes Lauterbach: session state = INACTIVE; read key buffer -> expect: zeroed SIM sends tagged frames -> expect: rejected trigger a new attempt (reset) -> expect: authentication starts again Decision: OPEN --- | P7: OPEN
A8: 7 | B8: MVC-103063 | C8: Root key in OTP | D8: 2.2.1.1.1-1 | E8: CAL 2 | F8: Test | G8: The system shall store the trusted 2048bit Samsung Root Public Key in OTP memory. | H8: MVC-106562. Test: CS-SOW1-001. | I8: which OTP zone holds it, and who programs it (Mekra factory, Ambarella) and when? The SRS secure-boot requirement mentions OTP "zone 7 [X]" as an open choice. The CV22FS manual describes the power-on-configuration OTP as factory-set and not user-accessible, and I did not find a customer-key zone in the manuals I have. | J8: the test and the production flow depend on the zone. Proposal: name the zone and add "and shall prevent modification, replacement or deletion" (the technical verification criteria already test immutability, the requirement does not state it; SRS MVC-108142 does). | K8: OTP is write-once, so the "cannot be overwritten" test destroys a sample. Test samples need a test root key, because Samsung's private key is not available. A production sample can only be checked by comparing a hash if OTP is read-locked. | L8: the concept says OTP, SRS MVC-108143 says "protected non-volatile storage". Not the same. RSA-2048 public key = 256-byte modulus plus exponent: confirm the free OTP size. | M8: the technical requirement has the same text as the concept requirement. | N8: MVC-106562. SRS 23.2.1 (MVC-108143, 108142, 108144). The secure-boot key (SRS 23.4) is a different root: make sure both are tracked. | O8: Lauterbach: read OTP zone X (if allowed in this lifecycle) -> SHA-256(key) == fingerprint of the Samsung root key Lauterbach/SW: write to OTP zone X -> expect: rejected or locked power cycle + reset -> read again, expect same value SIM signs auth data with the matching private key (test build) -> authentication passes SIM signs with another key -> authentication fails Decision: OPEN --- | P8: OPEN
A9: 8 | B9: MVC-103053 | C9: Retry authentication | D9: 2.2.1.1.2-3 | E9: CAL 2 | F9: Test | G9: The system shall retry the Imager authentication process up to three times if the expected authentication data is failed to be received. | H9: MVC-106566. Test: CS-SOW1-005. | I9: three retries (4 requests) or three attempts (3 requests)? MVC-106569 says "three authentication attempts". One number is needed. Also the timeout per attempt and the time between attempts. | J9: a test that counts requests on the bus cannot pass or fail without it. Proposal: "N attempts in total, each with timeout T". | K9: counting requests with Saleae is easy. Withholding the answer needs the SIM or a way to cut the I2C response. Timing cannot be checked until T exists. | L9: what is "not received": no ACK, partial answer, timeout, or malformed? A complete but invalid answer is a signature failure (reject at once?). Define. | M9: the retry rule is split over two requirements (103053 retry, 103051 terminate) that use different words ("up to three retries" and "configured maximum"). | N9: MVC-106566. SRS MVC-108124, 108126. | O9: SIM: do not answer the authentication read; reset Saleae: count auth read requests until SOW2 stops -> expect: N (as decided) SIM: answer correctly on request 2 -> expect: authentication continues Saleae: measure time between requests -> expect: equals T (once defined) Decision: OPEN --- | P9: OPEN
A10: 9 | B10: MVC-103046 | C10: Retry session establishment | D10: 2.2.1.1.3-7 | E10: CAL 2 | F10: Test | G10: The system shall retry secure session establishment up to three times if the expected response is failed to be received. | H10: MVC-106567. Test: CS-SOW1-016. | I10: what is the "expected response"? Timeout per try? On each retry, is the same encrypted block sent again, or a new SSK and a new block? | J10: define response, timeout and what is sent again. Proposal: a new block (re-encrypted) with the same SSK, or a new SSK, but state it. | K10: counting retries with Saleae, SIM withholding the response. Nothing can be checked until the response is defined (entry 17). | L10: "three retries" is consistent with 103044 and with the technical requirements. | M10: NONE. | N10: MVC-106567. SRS MVC-108149 (timeout or retry limit). | O10: SIM: accept authentication, do not answer the key block Saleae: count key block writes -> expect: 1 + 3 (as decided) SIM: answer on the 2nd write -> expect: session established Decision: OPEN --- | P10: OPEN
A11: 10 | B11: MVC-103036 | C11: New session after triggers | D11: 2.2.1.1.3-9 | E11: CAL 2 | F11: Test | G11: The system shall require establishment of a new secure session, including full SOW1 authentication and generation of a new session key (SSK), after session expiry, system reset, system restart, session termination, or detection of a security failure. | H11: MVC-106573. Test: CS-SOW1-018. | I11: • Session lifetime: what is the expiry time? No requirement defines it. • "Security failure": which events (one bad CMAC frame? ten? an I2C error?). SRS MVC-108158 says "video authentication failure requiring session recovery", which has no definition either. • "System reset" and "system restart": what is the difference? | J11: two of the five triggers cannot be tested without these definitions. This also conflicts with 119710 (reject the frame and continue, SRS MVC-108105): the line between "reject one frame" and "start a new session" is missing. Proposal: define a lifetime, a failure threshold (for example N bad frames within T seconds) and merge reset and restart. | K11: each trigger can be tested alone, as the verification criteria already say. Old key must be rejected afterwards: the SIM keeps sending frames with the old key. | L11: renegotiating while the camera streams: what happens to the video during the new authentication? Interruption time is not limited. | M11: several requirements in one (five triggers). Consider one requirement per trigger group, or keep it and give each trigger its own test (the technical test does this). | N11: MVC-106573. SRS MVC-108156, 108158, 108151. | O11: for trigger in [expiry, reset, restart, termination, security failure]: establish session; SIM sends frames with SSK_old -> accepted fire the trigger Saleae: new auth read + new key block -> expect: yes SIM decrypts the new block: SSK_new != SSK_old SIM sends frames with SSK_old -> expect: rejected Decision: OPEN --- | P11: OPEN
A12: 11 | B12: MVC-113703 | C12: Freshness window | D12: 2.2.1.1.4-7 | E12: CAL 2 | F12: Test | G12: The system shall reject duplicated, stale, or out-of-order SOW1 video frames based on a 3-frame freshness window and shall accept a frame only when its frame counter satisfies LastAcceptedCounter < ReceivedCounter ≤ LastAcceptedCounter + 3. | H12: MVC-113727. Test: CS-SOW1-026. | I12: counter width and wrap (entry 5). Initial LastAcceptedCounter after a new session. | J12: • Impact: if more than 3 consecutive frames are lost (link problem, brief disturbance, SoC load), every later valid frame has a counter above LastAcceptedCounter + 3 and is rejected. The stream stays dead until a new session. For a safety-relevant camera that is an availability problem. • Proposal: define a recovery: after N consecutive frames rejected only because of the window, but with valid CMAC, re-synchronise LastAcceptedCounter. Or end the session and renegotiate, and say which. | K12: the boundaries in the requirement are good and easy to test with the SIM (equal, lower, +1, +2, +3, +4). Wrap-around and the first frame of a session cannot be tested until they are defined. | L12: • Order of checks: update LastAcceptedCounter only after the CMAC passed. Otherwise a forged frame with a high counter can push the window forward and block genuine frames. State the order. • No behaviour for the first frame of a session. | M12: NONE. | N12: MVC-113727. SRS MVC-108099, 108104, 108102. The recovery behaviour is in no requirement. | O12: SIM: frames with valid CMAC, counters: 10 accepted send 10 (dup) -> reject send 9 (stale) -> reject send 11 -> accept send 13 -> accept (Last=11, +2 ... within +3) send 17 (Last+4) -> reject send frame, counter forged high (valid format, WRONG tag) -> reject, Lauterbach: LastAcceptedCounter unchanged skip 5 frames, then valid CMAC frames -> observe: recovery as defined Decision: OPEN --- | P12: OPEN
A13: 12 | B13: MVC-119710 | C13: Reject frame on failure | D13: 2.2.1.1.4-5 | E13: CAL 2 | F13: Test | G13: The system shall reject any received SOW1 video frame if AES-CMAC verification fails. | H13: MVC-106564. Test: CS-SOW1-022. | J13: "Reject" is not defined: dropped, replaced by the previous frame, or shown with a flag? This is a camera that drives a display, so a defined reaction matters. Proposal: state the reaction (drop the frame, count it, log it, keep processing the next frames, which SRS MVC-108105 already says) and when repeated failures start a new session (see 103036). | K13: the observable is the same as 119709. Define it once: dropped frame counter and log event. The VC step "does not cause the same invalid frame to be re-submitted" needs a defined internal buffer to look at. | L13: no limit on how many bad frames are tolerated before the stream is treated as an attack. A single corrupted frame from EMI on the cable would also fail the CMAC (the link has CRC, but the check here is separate). Question: do random corruption and a forged frame get the same reaction? | M13: overlaps 119709 (see entry 1). Overlaps SRS MVC-108116. | N13: MVC-106564 (link both ways). SRS MVC-108116, 108108, 108105. Same upstream as 119709. | O13: SIM: send 10 good frames, 1 frame with wrong tag, 10 good frames Wireshark: RTP shows 20 frames, the bad one missing -> expect: bad frame not forwarded UART log: 1 "CMAC failed" entry -> expect: logged Lauterbach: read dropped-frame counter -> expect: 1 SIM: send 1000 frames, each with a wrong tag -> expect: defined reaction (new session or stay up) once decided Decision: OPEN --- | P13: OPEN
A14: 13 | B14: MVC-119714 | C14: No commands before authentication | D14: 2.2.1.1.5-1 | E14: CAL 2 | F14: Test | G14: The system shall not transmit SOW1 control commands before successful SOW1 device authentication. | H14: MVC-109119 ("protected SOW1 control commands"). Test: CS-SOW1-027. | I14: which commands are "control commands"? The imager has to be configured over I2C (for example the settings files in SOW1/Imager Settings/) and the authentication itself is I2C traffic. Which I2C writes are allowed before authentication? | J14: read literally, the requirement forbids the writes needed to start the camera. The technical text says "protected" commands, the SRS too. Proposal: list the protected commands, or list the allowed pre-authentication ones, and use the word "protected" at concept level. | K14: Saleae can list all writes to the imager address. The pass criterion needs the list from the SIQ. | L14: the Volvo spec does not mention any protected command channel. See entry 23. | M14: concept says "SOW1 control commands", technical says "protected SOW1 control commands": two terms. | N14: MVC-109119. SRS MVC-108169. | O14: reset; SIM does not complete authentication trigger a protected command (command source to confirm) Saleae: list all I2C writes to the imager -> expect: only the allowed pre-auth writes, no protected command repeat after authentication failure and before the key block was acknowledged complete authentication + session; trigger again -> expect: command sent Decision: OPEN --- | P14: OPEN
A15: 14 | B15: MVC-113706 | C15: Do not expose SSK | D15: 2.2.1.1.3-6 | E15: CAL 2 | F15: Test | G15: The system shall not expose the active session key through any accessible interface during the active secure session. | H15: MVC-106571. Test: CS-SOW1-015. | J15: "any accessible interface" must be a list. Proposal: UART, JTAG (when unlocked), logs, SOME/IP and DTLS diagnostics, memory dumps, I2C, SPI flash. | K15: a negative test. It needs a list of interfaces and the SSK value (from the SIM) to search for. | L15: the SRS keeps the key in DRAM (MVC-108164). An authorised debug session (secure debug requirements) lets Lauterbach read DRAM, so the key would be readable through the debug interface. Either the debug unlock must exclude the key region, or this is an accepted exception. Please decide. | M15: the technical requirement duplicates the text. SRS has related requirements (MVC-108164, 108163, 108154, 108157). | N15: MVC-106571. SRS MVC-108164, 108163, 108154, 108157. Related to the debug requirements and to DRAM protection (SRS 23.5). | O15: SIM: get SSK value (decrypt the key block) JTAG locked: attach with Lauterbach -> expect: denied search captures for the SSK bytes: I2C (Saleae), Ethernet (Wireshark), UART log -> expect: not found trigger failures (bad frame, failed session) -> read logs and diagnostic responses -> expect: no key bytes authorised debug unlocked: Lauterbach read of the key region in DRAM -> record result; expect: blocked, or an accepted exception Decision: OPEN --- | P15: OPEN
A16: 15 | B16: MVC-119708 | C16: No trust before session | D16: 2.2.1.1.4-1 | E16: CAL 2 | F16: Test | G16: The system shall not accept SOW1 secured video stream data as trusted before successful SOW1 device authentication and secure session establishment. | H16: MVC-109120. Test: CS-SOW1-024. | I16: what does the system do with video that is "not trusted"? Drop it (no image for the driver) or pass it with an "untrusted" flag? This is a camera for the vehicle; both the safety and security teams must agree. | J16: "not accept as trusted" can be implemented in two very different ways. Define the reaction and who evaluates it (the downstream display side, the vehicle ECU, or SOW2). Cross-check with frames 1 to 17 (entry 1). | K16: the observable is the outgoing stream (Wireshark on RTP) and a status signal if one exists. If "untrusted" is only an internal flag, there is nothing to check from outside. | L16: "secure session establishment" has no definition of when it is complete (imager acknowledgement? first good CMAC?). See entry 17. | M16: NONE. | N16: MVC-109120. SRS MVC-108138. The reaction is in no requirement. | O16: reset, SIM does not answer authentication SIM: send frames (valid CMAC, any key) -> Wireshark: no trusted video out / flagged as untrusted reset, authentication OK, key block not acknowledged -> same terminate session, SIM keeps sending frames of the old session -> rejected complete authentication + session -> Wireshark: video flows Decision: OPEN --- | P16: OPEN
A17: 16 | B17: MVC-113702 | C17: Command counter | D17: 2.2.1.1.5-4 | E17: CAL 2 | F17: Test | G17: The system shall include a monotonically increasing Counter in each SOW1 control command transmitted. | H17: MVC-109121. Test: CS-SOW1-030. | I17: counter width, start value, behaviour at the maximum, and does the imager check it? | J17: "monotonically" allows equal values. Proposal: "strictly increasing" and no reuse within the session (SRS MVC-108161). The counter restarts with each session because the key changes: say so. State the wrap rule (new session before wrap). | K17: with Saleae the counter can be read from many commands. The maximum value case needs a test hook to preset the counter. | L17: replay protection exists only if the imager rejects old counters. If it does not check, the counter protects nothing. Same open point as 113701. | M17: see 113701. | N17: MVC-109121. SRS MVC-108159, 108161. | O17: send 100 protected commands; Saleae: read counter of each -> expect: strictly increasing, no repeats reset (new session) -> counter restarts as defined Lauterbach: preset counter near the max; send commands -> expect: defined behaviour (new session before wrap) if the imager checks: replay an old command (old counter) -> expect: rejected Decision: OPEN --- | P17: OPEN
A18: 17 | B18: MVC-103057 | C18: Generate 256-bit SSK | D18: 2.2.1.1.3-2 | E18: CAL 2 | F18: Test | G18: The system shall generate a 256-bit cryptographically random session key (SSK) following successful Imager authentication. | H18: MVC-106568. Test: CS-SOW1-010. | J18: "new key for every session" is in the verification criteria but not in the requirement text. Add it (SRS MVC-108110 says it). | K18: the SSK is only visible through the SIM (decrypting the key block). With a real imager it cannot be seen. Randomness cannot be proven by test, only checked for repeats. | L18: NONE. | M18: overlaps 103042 (how it is generated) and 103036 (new session needs a new key). Proposal: keep "256-bit, new each session" here and "how" in 103042. | N18: MVC-106568. SRS MVC-108107, 108110. | O18: loop 1000 times: reset -> authenticate -> SIM decrypts the key block -> store SSK check: length = 32 bytes; no two SSKs equal; bit balance roughly 50 percent SIM fails authentication -> Saleae: no key block is written Decision: OPEN --- | P18: OPEN
A19: 18 | B19: MVC-103031 | C19: Extract frame counter | D19: 2.2.1.1.4-6 | E19: CAL 2 | F19: Test | G19: The system shall extract the video frame counter from the embedded header data of each received SOW1 video frame and use the counter value for freshness validation. | H19: MVC-113726 (extract) and MVC-106575 (verify freshness, ordering and sequence). Tests: CS-SOW1-025, CS-SOW1-023. | I19: size of the counter (bits), start value, behaviour at wrap-around, and whether the imager resets it at every stream start. (Samsung note.) | J19: the window rule in 113703 cannot be checked at the wrap without the width. Add width and wrap behaviour. | K19: the counter is internal. Read it with Lauterbach. Boundary tests need the SIM to send chosen values, in particular near the maximum. | L19: the counter is only protected by the CMAC if the header line is among the selected rows (start row 0, MVC-106576). If it is not, the counter can be forged freely. State this dependency here. | M19: "extract and use for freshness" is two things, and the concept requirement is satisfied by two technical requirements, one for each. The "use" part (MVC-106575, freshness, ordering and sequence) overlaps MVC-113727, which belongs to 113703 (entry 6). Proposal: keep only the extraction here, and let 113703 own the validity rule. | N19: MVC-113726 and MVC-106575 (CS-SOW1-023 has no entry of its own below, it is covered here and in entry 6). SRS MVC-108099. | O19: SIM: frames with counter 1,2,3,...,N Lauterbach: read extracted counter after each frame -> expect: equal to SIM value SIM: counter = 0xFFFF.. then 0 (width as defined) -> expect: defined wrap handling SIM: header missing / short -> expect: rejected, log entry Decision: OPEN --- | P19: OPEN
A20: 19 | B20: MVC-113705 | C20: Extract tag from footer | D20: 2.2.1.1.4-2 | E20: CAL 2 | F20: Test | G20: The system shall extract the received 128-bit AES-CMAC authentication tag from the embedded footer of each received SOW1 video frame. | H20: MVC-106572. Test: CS-SOW1-019. | I20: where exactly is the footer in the frame (which line, which bytes, byte order) and what is its length when the tag is absent? Defined in the Samsung note (not in the repo). | J20: without the layout the extraction cannot be implemented or tested. Add the layout reference to the technical requirement. | K20: extraction is internal. Either read the extracted value with Lauterbach, or infer it from acceptance, which makes it the same test as 119709. Missing or short footers need a defined reaction (the SRS says reject, MVC-108134). | L20: frame 1 to 17 have no tag (entry 1). The tag is described as 128 bits; whether the footer ever carries more (padding, status bits) is unknown. | M20: this is an implementation step of 119709, not a security property by itself. Proposal: keep it at technical level, or merge into 119709. | N20: MVC-106572. SRS 23.2.5.1 (MVC-108140, 108129, 108134, 108132). | O20: SIM: frame with known tag T = 0x00112233... in the footer Lauterbach: read the extracted-tag buffer -> expect T repeat with 10 different tags -> expect each equal (not hard-coded) SIM: frame without footer / short footer / garbage -> expect: rejected, no crash, log entry Decision: OPEN --- | P20: OPEN
A21: 20 | B21: MVC-103055 | C21: Encrypt SSK and Row_info | D21: 2.2.1.1.3-4 | E21: CAL 2 | F21: Test | G21: The system shall encrypt the session key and selected row information using the 2048-bit device public key with RSAES-OAEP and SHA-256. (Note: row information format is defined by Samsung, chapter 5 Key sharing of the S5K3B6SA cybersecurity application note.) | H21: MVC-106580, 106576, 108741, 106574. Tests: CS-SOW1-013, 007, 008, 009. | I21: message layout (SSK, Row_info_00, Row_info_01, sizes, order), OAEP label (empty?) and MGF1 hash. The Samsung note is not in the repo. | J21: the layout is needed by implementation and test. Proposal: put the layout in the technical requirement. | K21: OAEP is randomised, so two encryptions of the same input differ. Compare plaintexts only: the SIM decrypts and checks the content. Injecting a known SSK needs a test hook (Lauterbach write before the encrypt call). | L21: capacity check: RSA-2048 with OAEP and SHA-256 carries at most 256 − 2×32 − 2 = 190 bytes, so a 32-byte key plus the row information fits if the row information is small. The row rules in the technical requirements (start 0 or 1, interval at least 10 or 30 by output mode, and the formula start + 1 + (interval + 1) × (total − 1) ≤ ysize_image + ysize_embedded_data) depend on the output mode, so the mode must be known to the code that builds Row_info. | M21: one concept requirement is satisfied by four technical requirements, three of which are about row selection and not about encryption. Proposal: a separate concept requirement for the row selection rules. | N21: MVC-106580, 106576, 108741, 106574. SRS MVC-108153, 108145, 108165, 108166. | O21: SIM (holds device private key): read the key block from I2C (Saleae / TE-1190) PyRef: RSA-OAEP decrypt, SHA-256, MGF1-SHA-256 -> expect plaintext = SSK(32 B) || Row_info_00 || Row_info_01 Lauterbach: read the Row_info SOW2 used -> expect: equal to the decrypted Row_info decrypt with another private key -> expect: fails Saleae: search the bus capture for the SSK bytes -> expect: not found in plaintext Row rules (one run each): start 2 / interval 9 in RAW12 / total too large (formula +1 row) -> expect: configuration refused Decision: OPEN --- | P21: OPEN
A22: 21 | B22: MVC-103033 | C22: Calculate frame CMAC | D22: 2.2.1.1.4-3 | E22: CAL 2 | F22: Test | G22: The system shall calculate a 128-bit AES-CMAC tag over the selected rows of each video frame using the active 256-bit session key. | H22: MVC-106583. Test: CS-SOW1-020. | I22: exactly which bytes form the message: only the pixel and embedded data of the selected rows, or also the line headers/footers and CSI-2 packet bytes? Row numbering base? (Samsung note.) | J22: two implementations could calculate different tags for the same frame. Add the exact message construction and a test vector from Samsung. | K22: a reference calculation (PyRef) works only if the tester knows the SSK and the exact input. With the SIM it is possible. A known-answer test vector from Samsung would make it independent of the SIM. | L22: AES-CMAC with a 256-bit key is standard (NIST SP 800-38B, AES-256). The requirement says "128-bit tag": full output, not truncated, should be stated. The interval rule in MVC-108741 (at least 10 or 30 rows) exists so the imager finishes one row before the next. The host side has no stated rule on how fast it must compute. | M22: it also says "selected rows", which are defined in four other requirements (103055 note, 106576, 108741, 106574). Better to give the row selection its own concept requirement and reference it here. | N22: MVC-106583. SRS MVC-108122, 108121, 108118. | O22: TE-1190: capture a real frame (raw rows) PyRef: tag_ref = AES256-CMAC(SSK, selected rows as defined) SIM: send the frame with tag_ref -> expect: accepted modify 1 byte in a selected row, keep tag_ref -> expect: rejected modify 1 byte in a NOT selected row, keep tag_ref -> expect: accepted (shows the coverage limit, record it) Decision: OPEN --- | P22: OPEN
A23: 22 | B23: MVC-113701 | C23: CMAC over each command | D23: 2.2.1.1.5-2 | E23: CAL 2 | F23: Test | G23: The system shall calculate a 128-bit AES-CMAC over each SOW1 control command using the established 256-bit session key. | H23: MVC-108740. Test: CS-SOW1-028. | I23: does the imager verify a command tag at all? The Volvo spec section 11 does not describe it. SRS MVC-108160 adds the tag "only when protected control command verification is supported by SOW1". What are the command format and the CMAC input? | J23: if the imager does not check it, the tag adds nothing. Proposal: confirm support first. If supported, put the exact input in the requirement (command, counter, order). The SRS says the counter is included before the tag is calculated (MVC-108159), so the counter is covered. The concept does not say it. | K23: the tag can be checked with PyRef from a captured command and the SSK. Whether the imager accepts or rejects a command with a wrong tag cannot be tested if the imager does not check. | L23: the concept says "each command", the SRS says "protected command only when supported". Conflict. | M23: 113701 (calculate), 119707 (append), 113702 (counter) are three steps of one function. Proposal: one requirement for the protected command format: command + counter + CMAC. | N23: MVC-108740. SRS MVC-108160, 108159. | O23: trigger a protected command (to confirm) Saleae: capture the I2C write to the imager -> parse: cmd | counter | tag SIM: get SSK; PyRef: AES256-CMAC(SSK, cmd||counter) -> expect: equals the tag on the bus change one command byte, recompute with the same key -> tag differs if the imager checks: send a command with a wrong tag -> expect: imager rejects it Decision: OPEN --- | P23: OPEN
A24: 23 | B24: MVC-107642 | C24: Authenticate imager | D24: 2.2.1.1.2-1 | E24: CAL 2 | F24: Test | G24: The system shall authenticate the Imager by verifying the digital signature received from the Imager over the I2C interface using the provisioned Samsung Root Public Key. | H24: MVC-106561, 106565, 106563. Tests: CS-SOW1-002, 003, 004. | I24: • SIQ-1 (Samsung): define Device_n, KID, Sig_device. The Volvo spec says the signature covers "the device specific RSA public key along with the Device ID". The technical requirement says "over Device_n and KID". Is Device_n the key modulus and KID the Device ID? And is KID a key or algorithm identifier? The SRS (MVC-108135, 108136) lets KID select the signature scheme and hash. | J24: if the signed message is not defined byte for byte, SOW2 and the test cannot agree. Add the exact signed message and encoding to the technical requirement. | K24: needs signed data from the test root key. Negative cases (one field changed, other key) need the SIM. | L24: • The signature in the imager is a fixed value, stored in OTP and read over I2C. I found no challenge-response in the Volvo flow. A fake camera can copy the genuine data (it is not secret) and pass step 2. What stops it is that it does not hold the private key, so it cannot decrypt the session key and cannot produce a valid CMAC. Until the first valid tagged frame (frame 18 or later) SOW2 has no proof that the camera owns the key. Please confirm this is understood and accepted. • The concept fixes the scheme (107641), while the SRS makes KID select the scheme. See entry 10. | M24: the concept requirement is verified by three technical requirements (request, verify, scheme). That is fine, but the pass criteria overlap. Keep each test about one thing. | N24: concept to technical: three links. SRS 23.2.2 and 23.2.3 (MVC-108133, 108131, 108126, 108124, 108113, 108111). | O24: SIM: serve genuine data (Device_n, KID, Sig_device signed by test root) Saleae: capture auth read -> expect: SOW2 asks for the fields; then accepts; key block follows SIM: flip 1 bit in Device_n / KID / Sig_device (one run each) -> expect: rejected, no key block sent SIM: signature from another key -> expect: rejected SIM: copy genuine data, no private key (replay) -> expect: auth accepted, but no valid CMAC frame ever -> frames rejected Decision: OPEN --- | P24: OPEN
A25: 24 | B25: MVC-119707 | C25: Append tag to command | D25: 2.2.1.1.5-3 | E25: CAL 2 | F25: Test | G25: The system shall append the calculated 128-bit AES-CMAC tag to each SOW1 control command before transmission. | H25: MVC-106570. Test: CS-SOW1-029. | I25: the field order and size inside the I2C write. The Volvo spec sets I2C CRC ON for the C1-sample: where does the CRC go relative to the tag? | J25: define the frame layout. Proposal: put it in the technical requirement with an example. | K25: easy with Saleae once the layout is defined. | L25: if CMAC generation fails, the command must not be sent (SRS MVC-108160). The concept does not say it. Add it. | M25: see 113701. The concept verification text says only "transmitted command contains the original command data"; the technical text checks field order and encoding. | N25: MVC-106570. SRS MVC-108160. | O25: Saleae: capture a protected command write -> expect: [cmd][counter][16-byte tag] in the defined order Lauterbach: force CMAC calculation to fail -> expect: no command is transmitted repeat for 3 different commands Decision: OPEN --- | P25: OPEN
A26: 25 | B26: MVC-103040 | C26: Extract device public key | D26: 2.2.1.1.3-1 | E26: CAL 2 | F26: Test | G26: Following successful authentication, The system shall extract 2048-bit device public key from the Imager's authentication data. | H26: MVC-106577. Test: CS-SOW1-012. | I26: format of the key in the data (modulus only, fixed exponent?). | J26: add sanity checks (length 2048 bits, odd modulus, exponent as defined) before the key is used. | K26: the extracted key is internal. Indirect check: SOW2 encrypts with it, and the SIM decrypts with its private key. If decryption works, the right key was used. Wrong-size or malformed keys signed with the test root key are easy to create. | L26: the key is covered by the signature only if Device_n is the key modulus (SIQ in entry 9). If it is not covered, a key swap is possible. | M26: NONE. | N26: MVC-106577. SRS 23.2.4.4 (MVC-108153) uses "the authenticated SOW1 Device public key". | O26: SIM: device key K1, signed by test root; authentication OK SIM: decrypt the key block that SOW2 writes with K1_priv -> expect: success (proves K1 was used) SIM: key of 1024 or 4096 bits, valid signature -> expect: rejected, no key block sent SIM: truncated or all-zero key, valid signature -> expect: rejected Lauterbach (optional): compare the key buffer with K1 Decision: OPEN --- | P26: OPEN

Sheet Key decisions
A1: # | B1: Topic | C1: Where | D1: Why it matters | E1: Decision | F1: Owner
A2: 1 | B2: Frames 1 to 17 have no tag | C2: 119709, 119708, 103033 | D2: Pass/fail is undefined and the text contradicts the Volvo spec | E2: OPEN
A3: 2 | B3: Retry versus attempt count | C3: 103053, 103051 | D3: Cannot count I2C requests without one number | E3: OPEN
A4: 3 | B4: Reaction to a failure (video off? safe state?) | C4: 119710, 119708, 103051, 103044 | D4: A cybersecurity failure can switch off a camera image | E4: OPEN
A5: 4 | B5: Freshness window can dead-lock the stream | C5: 113703 | D5: More than 3 lost frames blocks all later valid frames | E5: OPEN
A6: 5 | B6: Static signature, no challenge | C6: 107642 | D6: A copied authentication record passes step 2. Only the CMAC proves the private key, from frame 18 on | E6: OPEN
A7: 6 | B7: Session lifetime and "security failure" are undefined | C7: 103036 | D7: Two of five triggers are untestable | E7: OPEN
A8: 7 | B8: Do protected commands exist? | C8: 119714, 113701, 119707, 113702 | D8: The Volvo spec has none. The imager may not check them | E8: OPEN
A9: 8 | B9: Authorised debug can read the session key from DRAM | C9: 113706 | D9: Conflicts with the "no exposure" requirement | E9: OPEN
A10: 9 | B10: Samsung documents and a test root key | C10: all | D10: Without them the message layouts and the valid signatures cannot be produced | E10: OPEN

Sheet Summary
A1: Summary of review comments: SOW1 - SOW2 interface (concept and technical requirements)
A2: '-' in the Review sheet means no comment. 'SWE:' marks a point that is not in the concept or technical (system) requirements and belongs to the software requirements (SRS).
A4: Count (formulas over the Review sheet) | B4: Concept (rows 2-26) | C4: Technical (rows 28-57) | D4: Total
A5: Requirements reviewed | B5: =COUNTA(Review!B2:B26) -> 25 | C5: =COUNTA(Review!B28:B57) -> 30 | D5: =B5+C5 -> 55
A6: With a SIQ (open question) | B6: =COUNTIF(Review!E2:E26,"<>-") -> 23 | C6: =COUNTIF(Review!E28:E57,"<>-") -> 28 | D6: =B6+C6 -> 51
A7: With an Impact and proposal comment | B7: =COUNTIF(Review!F2:F26,"<>-") -> 25 | C7: =COUNTIF(Review!F28:F57,"<>-") -> 30 | D7: =B7+C7 -> 55
A8: With a Testability comment | B8: =COUNTIF(Review!G2:G26,"<>-") -> 25 | C8: =COUNTIF(Review!G28:G57,"<>-") -> 30 | D8: =B8+C8 -> 55
A9: With a Technical comment | B9: =COUNTIF(Review!H2:H26,"<>-") -> 23 | C9: =COUNTIF(Review!H28:H57,"<>-") -> 28 | D9: =B9+C9 -> 51
A10: With a Structure comment | B10: =COUNTIF(Review!I2:I26,"<>-") -> 19 | C10: =COUNTIF(Review!I28:I57,"<>-") -> 29 | D10: =B10+C10 -> 48
A11: With a Traceability comment | B11: =COUNTIF(Review!J2:J26,"<>-") -> 25 | C11: =COUNTIF(Review!J28:J57,"<>-") -> 30 | D11: =B11+C11 -> 55
A12: Comments marked SWE scope | B12: =COUNTIF(Review!E2:J26,"*SWE:*") -> 9 | C12: =COUNTIF(Review!E28:J57,"*SWE:*") -> 9 | D12: =B12+C12 -> 18
A13: Decisions still OPEN | B13: =COUNTIF(Review!L2:L26,"OPEN") -> 25 | C13: =COUNTIF(Review!L28:L57,"OPEN") -> 30 | D13: =B13+C13 -> 55
A15: Summary of all comments by theme
A16: Theme | B16: Requirements | C16: What the comments say | D16: Scope
A17: 1. Frames 1-17 have no tag | B17: 119709, 113705, 119708 (TCR 106582, 106572, 109120) | C17: The imager sends no CMAC for the first 17 frames, but the requirements say "each frame". Define how those frames are treated. | D17: Concept / system
A18: 2. Reaction to a failure is undefined | B18: 119710, 119708, 103051, 103044 (TCR 106564, 109120, 106569, 106581) | C18: Reject, untrusted and terminate do not say what the ECU does with the video. A failure can switch off the camera image. Needs a safety decision. | D18: Concept / system
A19: 3. Retry counts and timeouts | B19: 103053, 103051, 103046, 103044 (TCR 106566, 106569, 106567, 106581) | C19: "Three retries" (4 requests) and "three attempts" (3 requests) differ. Concept says "configured maximum", TCR says a fixed three. Timeouts and "expected response" are missing. | D19: Concept / system
A20: 4. Session definition | B20: 103034, 103036, 103046 (TCR 106578, 106573, 106567) | C20: No requirement says when a session is established, how long it lives, or what a "security failure" is. Two of five new-session triggers cannot be tested. | D20: Concept / system
A21: 5. Freshness and counters | B21: 113703, 103031, 113702 (TCR 113727, 106575, 113726, 109121) | C21: The 3-frame window freezes the video after more than 3 lost frames. Counter width, wrap, start value and the rollover and initialization policies are not defined. 106575 overlaps 113727. | D21: Concept / system, plus SWE for the check order
A22: 6. Authentication is a static signature | B22: 107642, 107641, 103040 (TCR 106565, 106563, 106577) | C22: A copied authentication record passes the signature check. Only the CMAC from frame 18 proves the private key. The signed message and the KID meaning must be defined. | D22: Concept / system
A23: 7. Layouts and crypto parameters | B23: 107641, 113705, 103055, 103033, 119707 (TCR 106563, 106572, 106578, 106580, 106583, 106570) | C23: PSS salt and MGF, OAEP label, footer layout, message layout, CMAC input bytes and command field order are not stated. They come from the Samsung note (not in the repo). | D23: SWE scope
A24: 8. Protected commands unclear | B24: 119714, 113701, 119707, 113702 (TCR 109119, 108740, 106570, 109121) | C24: The Volvo spec has no protected command channel, and the imager may not check the tag or counter. Command list and format are missing. "Control" and "protected" are used for the same thing. | D24: Concept / system
A25: 9. Key handling | B25: 103063, 103057, 103042, 113706 (TCR 106562, 106568, 106560, 106571) | C25: OTP location and "no modification" are missing. New key per session and no TRNG fallback are only in the criteria. The SSK in DRAM is readable through authorised debug. TRNG conformity is a Review item. | D25: Concept / system, plus SWE for reseed and erase
A26: 10. Structure: duplicates and merges | B26: 119709/119710, 103057/103042/103036, 113701/119707/113702 | C26: Several requirements are halves of one function. 15 of 30 TCRs have exactly the same text as their concept requirement and add the "how" only in the criteria. | D26: Concept / system
A27: 11. Traceability gaps | B27: 119709, 107641, 113703, all | C27: Upstream links are generic (26 TCRs link to the same four items). MVC-106563 has no link to 107641. The recovery rule and the 17-frame rule are in no requirement. SRS links are missing. | D27: Concept / system
... A31: 15. Test needs | B31: all | C31: Tests need a SOW1 simulator, a test root key, the Samsung documents, and a list of protected commands and interfaces. | D31: Test setup
A33: Points in SWE scope (not in the concept or technical system requirements)
A34: Requirement | B34: Point | C34: SRS reference | D34: Level
A35: MVC-107641 | B35: PSS salt length, MGF and public exponent | C35: SRS 108120, 108135 | D35: Concept
A36: MVC-103042 | B36: Reseed rule for the CSPRNG | C36: SRS 108106 | D36: Concept
A37: MVC-103034 | B37: Handling of partial I2C writes of the key block | C37: SRS 108146 | D37: Concept
A38: MVC-103044 | B38: Erase the SSK of a failed attempt | C38: SRS 108149 | D38: Concept
A39: MVC-113703 | B39: Update LastAcceptedCounter only after the CMAC passes | C39: SRS 108104 | D39: Concept
A40: MVC-119710 | B40: Limit for repeated bad frames | C40: SRS 108105 | D40: Concept
A41: MVC-113705 | B41: Missing or short footer, frames without a tag | C41: SRS 108134 | D41: Concept
A42: MVC-103033 | B42: Full 128-bit tag, host computation speed | C42: SRS 108122 | D42: Concept
A43: MVC-119707 | B43: No command is sent if CMAC generation fails | C43: SRS 108160 | D43: Concept
A44: MVC-106563 | B44: PSS salt length, MGF and public exponent | C44: SRS 108120 | D44: TCR
A45: MVC-106560 | B45: Reseed rule and "approved seeding mechanism" | C45: SRS 108106 | D45: TCR
... A52: MVC-106570 | B52: No command sent as protected if CMAC fails | C52: SRS 108160 | D52: TCR
